HTML Bölümü,Kullanıcı Sorgusu,Eski Metin,Geliştirilmiş Metin,Eski Skor,Yeni Skor,Yüzde Değişim
div_texts,ads reklam ver,Ads Reklam Politikası,Ads Reklam Politikası,0.713,0.713,0.0
paragraphs,ads reklam ver,Google Ads ürününüz ya da hizmetiniz için hızlı ve basit bir reklam mecrasıdır.,Google Ads ürününüz ya da hizmetiniz için hızlı ve basit bir reklam mecrasıdır.,0.6612,0.6612,0.0
div_texts,ads reklam ver,Reklam Vermek Olarak,Reklam Vermek Olarak,0.6585,0.6585,0.0
h2,ads reklam ver,Google Ads Nedir?,Google Ads ile reklam ver: Dijital pazarlamanın etkin yolu.,0.6053,0.706755,16.76
paragraphs,ads reklam ver,Google Ads reklamları aracılığıyla reklamlarınız Google'da arama sonuçlarında yayınlanır.,"Google Ads ile reklamlarınız, Google arama sonuçlarında hedef kitlenize ulaşır.",0.592,0.629433,6.32
paragraphs,ads reklam ver,Google Ads reklamlarını başlatmak için başvuru formunu doldurmanız yeterlidir.,Google Ads ile reklamınızı yayınlamak için başvurunuzu tamamlayarak başlayabilirsiniz.,0.551,0.583522,5.9
div_texts,ads reklam ver,Reklamveren Kılavuzu,Reklamveren Kılavuzu,0.5355,0.5355,0.0
div_texts,ads reklam ver,Google Reklamları,Google Reklamları ile reklam verin ve hedef kitlenize ulaşın.,0.467,0.54644,17.01
paragraphs,ads reklam ver,"Minimum bir aylık ücret ödemenizi gerektirmeyen Google Ads reklamlarında, kullanıcılar reklamınıza tıkladığında ödeme yaparsınız.","Google Ads'de, reklamınıza tıklayan kullanıcılar sayesinde ödeme alırsınız. Aylık ücretlendirme gerektirmeyen bu sistem, bütçenize uygun reklamcılık için idealdir.",0.4489,0.526262,17.23
div_texts,ads reklam ver,Twitter Reklamları,Twitter Reklamları: Reklam Ver,0.411,0.534334,30.01
div_texts,ads reklam vermek,Reklam Vermek Olarak,Ads reklam vermek ile hedef kitlenize ulaşın.,0.7181,0.762036,6.12
div_texts,ads reklam vermek,Ads Reklam Politikası,Ads Reklam Politikası,0.7035,0.7035,0.0
paragraphs,ads reklam vermek,Google Ads ürününüz ya da hizmetiniz için hızlı ve basit bir reklam mecrasıdır.,"‘Ads reklam vermek’ olarak da bilinir, Google Ads, hızlı ve etkili bir reklam çözümü sunar.",0.6403,0.654481,2.21
h2,ads reklam vermek,Google Ads Nedir?,Google Ads ile reklam vermek: Başarılı bir dijital pazarlama stratejisi.,0.6123,0.673258,9.96
paragraphs,ads reklam vermek,Google Ads reklamları aracılığıyla reklamlarınız Google'da arama sonuçlarında yayınlanır.,Google Ads ile arama sonuçlarında hedef kitlenize ulaşarak reklamlarınızı yayınlayabilirsiniz.,0.5604,0.595804,6.32
div_texts,ads reklam vermek,Reklamveren Kılavuzu,Reklamveren Kılavuzu: Ads Reklam Vererek Markanızı Tanıtın,0.5328,0.772645,45.02
paragraphs,ads reklam vermek,Google Ads reklamlarını başlatmak için başvuru formunu doldurmanız yeterlidir.,Google Ads ile reklam vermek için bugün başvuru formunu tamamlayarak başlayın!,0.5125,0.529783,3.37
div_texts,ads reklam vermek,Google Reklamları,Ads Reklam Vererek Markanızı Tanıtın,0.4417,0.77492,75.44
paragraphs,ads reklam vermek,"Minimum bir aylık ücret ödemenizi gerektirmeyen Google Ads reklamlarında, kullanıcılar reklamınıza tıkladığında ödeme yaparsınız.",Google Ads ile reklam vermek için sadece tıklamalarla ödeme yapabilirsiniz. Aylık bir ücret ödemesi gerektirmez.,0.417,0.435139,4.35
div_texts,ads reklam vermek,Twitter Reklamları,Twitter Ads ile etkili reklamlar vermek.,0.3985,0.570413,43.14
div_texts,google reklam verme,Google Reklamları,Google Reklamları,0.8793,0.8793,0.0
paragraphs,google reklam verme,Google Ads reklamları aracılığıyla reklamlarınız Google'da arama sonuçlarında yayınlanır.,Google Ads reklamları aracılığıyla reklamlarınız Google'da arama sonuçlarında yayınlanır.,0.737,0.737,0.0
paragraphs,google reklam verme,Google Ads ürününüz ya da hizmetiniz için hızlı ve basit bir reklam mecrasıdır.,"Google reklam verme, işletmenizi Google arama sonuçlarında ve YouTube gibi platformlarda tanıtmak için etkili bir çözümdür.",0.698,0.717802,2.84
h2,google reklam verme,Google Ads Nedir?,Google Reklam Verme: Google Ads ile Etkili Kampanyalar,0.6715,0.734884,9.44
div_texts,google reklam verme,Reklam Vermek Olarak,Google Reklam Verme: Dijital pazarlamanız için etkili çözümler.,0.5464,0.755258,38.22
paragraphs,google reklam verme,"Minimum bir aylık ücret ödemenizi gerektirmeyen Google Ads reklamlarında, kullanıcılar reklamınıza tıkladığında ödeme yaparsınız.","Google reklam verme konusunda, tıklama başına ödeme modeline sahip Google Ads reklamları ile bütçenizi kontrol altında tutabilirsiniz.",0.5346,0.645774,20.8
div_texts,google reklam verme,Yandex Reklamları,Google Reklam Verme: Etkili Kampanyalar Kurmak,0.5093,0.743825,46.05
paragraphs,google reklam verme,Google Ads reklamlarını başlatmak için başvuru formunu doldurmanız yeterlidir.,Google reklam verme sürecine başlamak için Google Ads'e başvurunuzu yapın ve hemen sonuçlar görün.,0.504,0.622889,23.59
div_texts,google reklam verme,Reklamveren Kılavuzu,Google Reklam Verme Rehberi: Etkili Kampanyalar Kurarak Hedef Kitlenize Ulaşın.,0.497,0.702666,41.38
div_texts,google reklam verme,Facebook Reklamları,Google Reklam Verme: Dijital pazarlamanın gücünü kullanarak markanızı tanıtın.,0.4673,0.747254,59.91
div_texts,google reklam vermek,Google Reklamları,Google Reklamları,0.8489,0.8489,0.0
paragraphs,google reklam vermek,Google Ads reklamları aracılığıyla reklamlarınız Google'da arama sonuçlarında yayınlanır.,"Google reklam vermek, hedef kitlenize Google arama sonuçlarında ulaşmanın etkili bir yoludur.",0.7229,0.78819,9.03
paragraphs,google reklam vermek,Google Ads ürününüz ya da hizmetiniz için hızlı ve basit bir reklam mecrasıdır.,"Google reklam vermek, işletmenizin potansiyel müşterilere ulaşmasını sağlayan etkili bir dijital reklam çözümüdür.",0.7,0.775073,10.72
h2,google reklam vermek,Google Ads Nedir?,Google Reklamları (Google Ads) ile hedefli reklam kampanyaları oluşturun.,0.6596,0.731369,10.88
div_texts,google reklam vermek,Reklam Vermek Olarak,Google Reklamları ile hedefli pazarlama stratejileri geliştirin.,0.5995,0.717969,19.76
paragraphs,google reklam vermek,"Minimum bir aylık ücret ödemenizi gerektirmeyen Google Ads reklamlarında, kullanıcılar reklamınıza tıkladığında ödeme yaparsınız.","Google reklam vermek, tıklama başına ödeme modeliyle bütçe dostu bir seçenektir. Reklamınızın gösterildiği her tıklama için ödeme yaparsınız.",0.5275,0.667967,26.63
paragraphs,google reklam vermek,Google Ads reklamlarını başlatmak için başvuru formunu doldurmanız yeterlidir.,Google reklam vermek için bugün başlayın! Başvuru formunu doldurarak hedef kitlenize ulaşın.,0.5159,0.563387,9.2
div_texts,google reklam vermek,Yandex Reklamları,Google Reklamlara Giriş: Google reklam vermek hakkında bilgi,0.5089,0.796486,56.51
div_texts,google reklam vermek,Reklamveren Kılavuzu,Google Reklamlar ile Pazarlama: Reklamveren Kılavuzu,0.4899,0.723634,47.71
div_texts,google reklam vermek,Facebook Reklamları,Google Reklamları ile dijital pazarlığınızı büyütün.,0.4758,0.610875,28.39
div_texts,reklam ver,Reklam Vermek Olarak,Reklam Vermek Olarak,0.8315,0.8315,0.0
paragraphs,reklam ver,Google Ads reklamları aracılığıyla reklamlarınız Google'da arama sonuçlarında yayınlanır.,Google'da arama sonuçlarında hedef kitlenize ulaşmak için Google Ads reklamları oluşturun ve yayınlayın.,0.5497,0.580514,5.61
div_texts,reklam ver,Reklamveren Kılavuzu,Reklam Verimi Hakkında Bilgiler,0.5432,0.617749,13.72
div_texts,reklam ver,Google Reklamları,Google Reklamları,0.5367,0.5367,0.0
div_texts,reklam ver,X Reklamları,Reklam Verimle ilgili bilgi ve seçenekler,0.5221,0.616391,18.06
div_texts,reklam ver,Yandex Reklamları,Yandex Reklamları ile hedefli reklam kampanyaları oluşturun.,0.4845,0.489669,1.07
paragraphs,reklam ver,Google Ads ürününüz ya da hizmetiniz için hızlı ve basit bir reklam mecrasıdır.,"Google Ads, işletmenizin hızlı ve etkili bir şekilde reklam yayınlamak için ideal bir reklam platformudur.",0.4766,0.54983,15.37
div_texts,reklam ver,Twitter Reklamları,Twitter Reklamları ile reklam verme yöntemleri,0.4662,0.491284,5.38
div_texts,reklam ver,Facebook Reklamları,Facebook Reklamları ve reklam verme süreçleri hakkında bilgi,0.438,0.44036,0.54
div_texts,reklam ver,TikTok Reklamları,TikTok Reklamları,0.4342,0.4342,0.0
div_texts,reklam verme,Reklam Vermek Olarak,Reklam Vermek Olarak,0.8712,0.8712,0.0
div_texts,reklam verme,Reklamveren Kılavuzu,Reklam Verme Kılavuzu - Reklamverenler için rehber.,0.6026,0.618438,2.63
paragraphs,reklam verme,Google Ads reklamları aracılığıyla reklamlarınız Google'da arama sonuçlarında yayınlanır.,Google Ads ile arama sonuçlarında hedef kitlenize ulaşarak reklamlarınızı yayınlayın.,0.5655,0.597856,5.72
div_texts,reklam verme,Google Reklamları,Google Reklamları: Hedefli reklam verme çözümleri.,0.5614,0.612687,9.14
paragraphs,reklam verme,Google Ads ürününüz ya da hizmetiniz için hızlı ve basit bir reklam mecrasıdır.,"Google Ads, işletmelerin hedef kitlelerine ulaşmasını sağlayan ve hızlı sonuçlar veren dijital reklam platformudur.",0.5045,0.527676,4.59
div_texts,reklam verme,Ads Reklam Politikası,Reklam Verme Kuralları: Bu sayfada reklam verme ile ilgili önemli bilgiler ve kurallar bulunmaktadır.,0.4648,0.541717,16.55
div_texts,reklam verme,Twitter Reklamları,Twitter Reklamları,0.4647,0.4647,0.0
div_texts,reklam verme,Yandex Reklamları,Yandex Reklamları ile hedefli reklam verme çözümleri.,0.4601,0.520845,13.2
div_texts,reklam verme,X Reklamları,Etkili Reklam Kampanyaları Oluşturun ve Yönetin,0.4528,0.522174,15.32
div_texts,reklam verme,Web Tasarım,Web Tasarım ve Reklam Verme Stratejileri,0.4464,0.676097,51.46
div_texts,reklam vermek,Reklam Vermek Olarak,Reklam Vermek Olarak,0.9102,0.9102,0.0
div_texts,reklam vermek,Reklamveren Kılavuzu,Reklam Verme Rehberi: Hedef kitlenize ulaşmak için doğru stratejiyi bulun.,0.5676,0.603803,6.38
paragraphs,reklam vermek,Google Ads reklamları aracılığıyla reklamlarınız Google'da arama sonuçlarında yayınlanır.,"Google Ads ile reklamlarınız, Google arama sonuçlarında hedef kitlenize ulaşır.",0.544,0.55546,2.11
div_texts,reklam vermek,Google Reklamları,Google'da etkili reklamlar vermek için Google Reklamları kullanın.,0.5294,0.569745,7.62
paragraphs,reklam vermek,Google Ads ürününüz ya da hizmetiniz için hızlı ve basit bir reklam mecrasıdır.,"Reklam vermek, hedef kitlenize ulaşmanın ve markanızı tanıtmanın etkili bir yoludur.",0.4971,0.802537,61.44
div_texts,reklam vermek,Yandex Reklamları,Yandex Reklamları ile hedefli reklam vermek.,0.4733,0.573063,21.08
div_texts,reklam vermek,Twitter Reklamları,Twitter Reklamları,0.4705,0.4705,0.0
div_texts,reklam vermek,X Reklamları,Reklam verme çözümleri ve stratejileri,0.4416,0.67893,53.74
div_texts,reklam vermek,Facebook Reklamları,Facebook Reklamları,0.4378,0.4378,0.0
div_texts,reklam vermek,Ads Reklam Politikası,Reklam Verme Kuralları ve Politikaları,0.4373,0.60503,38.36
div_texts,web site reklam,Google Reklamları,Web sitesi reklamları için etkili çözümler,0.6789,0.75877,11.76
paragraphs,web site reklam,Google Ads reklamları aracılığıyla reklamlarınız Google'da arama sonuçlarında yayınlanır.,Web sitenizi Google'da arama sonuçlarında etkili bir şekilde reklam etmek için Google Ads ile yerel reklamlar yayınlayabilirsiniz.,0.6728,0.726854,8.03
div_texts,web site reklam,Reklam Vermek Olarak,Web sitesi reklamları için etkili çözümler keşfedin.,0.6187,0.657971,6.35
div_texts,web site reklam,Reklamveren Kılavuzu,Web Sitesi Reklam Kampı: Reklamverenler İçin Rehber,0.6176,0.651661,5.52
paragraphs,web site reklam,Google Ads ürününüz ya da hizmetiniz için hızlı ve basit bir reklam mecrasıdır.,"Web sitesi reklamcılığı, Google Ads ile hızlı ve hedefli reklamlar oluşturmanıza olanak tanır. Hedef kitlenize ulaşın ve web sitenizin görünürlüğünü artırın.",0.6068,0.616467,1.59
div_texts,web site reklam,Web Tasarım,Web Sitesi Reklam Hizmetleri: Web sitenizi tanıtmak için profesyonel reklam çözümleri.,0.5994,0.690366,15.18
div_texts,web site reklam,Ads Reklam Politikası,Web sitesi reklamcılığına ilişkin politikalarımız ve kurallarımız.,0.5579,0.641993,15.07
paragraphs,web site reklam,"Minimum bir aylık ücret ödemenizi gerektirmeyen Google Ads reklamlarında, kullanıcılar reklamınıza tıkladığında ödeme yaparsınız.","Google Ads ile web sitenizi etkili bir şekilde tanıtın. Ücret, yalnızca tıklamalarla belirlenir, böylece bütçenizi kontrol altında tutabilirsiniz.",0.5348,0.561624,5.02
div_texts,web site reklam,Facebook Reklamları,"Web Sitesi Reklamları: Facebook, Google ve diğer platformlardaki etkili reklam stratejileri.",0.4785,0.655911,37.08
h2,web site reklam,Google Ads Nedir?,Web Sitesi Reklam Kampanyaları: Google Ads ile hedefli reklamlar oluşturun.,0.4701,0.728414,54.95
