Kullanıcı Niyeti,Mevcut İçerik,Geliştirilmiş İçerik,HTML Bölümü,Eski Skor,Yeni Skor,Yüzde Değişim
google reklamları hakkında bilgi edinmek,Google Reklamları,Google Ads: Google reklamları hakkında kapsamlı bilgi edinin.,div_texts,0.7416,0.813584,9.71
google reklamları hakkında bilgi edinmek,Google Ads reklamları aracılığıyla reklamlarınız Google'da arama sonuçlarında yayınlanır.,Google Ads reklamları aracılığıyla reklamlarınız Google'da arama sonuçlarında yayınlanır.,paragraphs,0.609,0.609,0.0
google reklamları hakkında bilgi edinmek,Google Ads Nedir?,Google Reklamları: Google'da reklam vermek için kullanılan platform.,h2,0.5946,0.645148,8.5
google reklamları hakkında bilgi edinmek,Google Ads ürününüz ya da hizmetiniz için hızlı ve basit bir reklam mecrasıdır.,"Google Ads, Google'da ürün veya hizmetlerinizi tanıtmak için kullanılan, hızlı ve etkili bir reklam platformudur. Hedef kitlenize ulaşmanızı sağlar ve reklam bütçenize göre özelleştirilebilir.",paragraphs,0.5927,0.605025,2.08
google reklamları hakkında bilgi edinmek,"Minimum bir aylık ücret ödemenizi gerektirmeyen Google Ads reklamlarında, kullanıcılar reklamınıza tıkladığında ödeme yaparsınız.","Google Ads, kullanıcılarınızın reklam tıkla ödeme sistemine göre çalışır. Aylık bir ücret ödemeniz gerekmez, yalnızca reklamınızın görüldüğü her tıklama için ödeme alırsınız.",paragraphs,0.4699,0.533763,13.59
google reklamları hakkında bilgi edinmek,Google Ads reklamlarını başlatmak için başvuru formunu doldurmanız yeterlidir.,Google Ads ile reklam kampanyalarınızla potansiyel müşterilere ulaşabilirsiniz. Başvuru formunu tamamlayarak başlayabilirsiniz.,paragraphs,0.4569,0.51953,13.71
google reklamları hakkında bilgi edinmek,Reklamveren Kılavuzu,"Google Reklamları hakkında bilgi almak için doğru yerdesiniz. Bu rehber, Google reklamcılığına başlamak için ihtiyacınız olan her şeyi içeriyor.",div_texts,0.447,0.598676,33.93
google reklamları hakkında bilgi edinmek,Yandex Reklamları,Google Reklamları hakkında bilgi almak istiyorsunuz. Google’ın reklam sistemi hakkında detaylı bilgiler bulabilirsiniz.,div_texts,0.4461,0.777176,74.22
google reklamları hakkında bilgi edinmek,"İnternet reklamcılığı konusunda uzmanlık gerektiren bütün yükü üzerinizden alarak, Google, Yandex, Facebook, YouTube, Instagram, LinkedIn gibi dijital mecralarda reklamlarınızı yapıyoruz.",Google reklamları ile dijital platformlarda hedefli reklam kampanyaları oluşturuyoruz. Hedef kitlenize ulaşmak için size yardımcı oluyoruz.,paragraphs,0.4254,0.602832,41.71
google reklamları hakkında bilgi edinmek,Reklam Vermek Olarak,Google Reklamları: Hedefli reklamlarla daha fazla müşteriye ulaşın.,div_texts,0.3967,0.654756,65.05
reklam kampanyası oluşturmak,Reklam Vermek Olarak,Reklam Vermek Olarak,div_texts,0.7247,0.7247,0.0
reklam kampanyası oluşturmak,Reklamveren Kılavuzu,"Reklam Kampanyası Oluşturma Rehberi: Hedef kitlenizi belirleyin, mesajınızı geliştirin ve etkin kanalları seçin.",div_texts,0.5437,0.69943,28.64
reklam kampanyası oluşturmak,Google Ads reklamları aracılığıyla reklamlarınız Google'da arama sonuçlarında yayınlanır.,Google Ads ile Google'da arama sonuçlarında hedefli reklam kampanyaları oluşturabilirsiniz.,paragraphs,0.54,0.610356,13.03
reklam kampanyası oluşturmak,Web Tasarım,Reklam Kampanyası Oluşturma Rehberi: Etkili kampanyalar oluşturmak için adım adım kılavuz.,div_texts,0.5146,0.643993,25.14
reklam kampanyası oluşturmak,Google Ads ürününüz ya da hizmetiniz için hızlı ve basit bir reklam mecrasıdır.,Google Ads ile etkili reklam kampanyaları oluşturun. Hızlı ve basit bir şekilde hedef kitlenize ulaşın.,paragraphs,0.5011,0.582673,16.28
reklam kampanyası oluşturmak,Yandex Reklamları,Yandex Reklamları ile etkili reklam kampanyaları oluşturun.,div_texts,0.484,0.620923,28.29
reklam kampanyası oluşturmak,Google Reklamları,Google Reklamları ile etkili reklam kampanyaları oluşturun.,div_texts,0.4838,0.639438,32.17
reklam kampanyası oluşturmak,Twitter Reklamları,"Twitter reklam kampanyası oluşturma rehberi: Hedef kitlenizi tanımlayın, etkili reklam metinleri yazın ve bütçenizi ayarlayın.",div_texts,0.4764,0.535501,12.41
reklam kampanyası oluşturmak,Facebook Reklamları,"Facebook reklam kampanyası oluşturma rehberi: Hedef kitlenizi belirleyin, bütçenizi ayarlayın ve etkili reklam metinleri yazın.",div_texts,0.473,0.568775,20.25
reklam kampanyası oluşturmak,TikTok Reklamları,TikTok reklamlarıyla etkili bir kampanya oluşturma rehberi.,div_texts,0.4725,0.622758,31.8
reklam kampanyası oluşturmak veya yönetmek,Reklam Vermek Olarak,Reklam kampanyaları oluşturun ve yönetin. Hedef kitlenize ulaşmak için doğru stratejileri belirleyin.,div_texts,0.6911,0.700676,1.39
reklam kampanyası oluşturmak veya yönetmek,Google Ads ürününüz ya da hizmetiniz için hızlı ve basit bir reklam mecrasıdır.,Google Ads ile reklam kampanyalarınızı kolayca oluşturun ve yönetin. Hedef kitlenize ulaşmak için şimdi başlayın.,paragraphs,0.5754,0.616483,7.14
reklam kampanyası oluşturmak veya yönetmek,Google Ads reklamları aracılığıyla reklamlarınız Google'da arama sonuçlarında yayınlanır.,Google Ads ile Google'de arama sonuçlarında hedefli reklam kampanyaları oluşturabilir ve yönetebilirsiniz.,paragraphs,0.5433,0.642987,18.35
reklam kampanyası oluşturmak veya yönetmek,Reklamveren Kılavuzu,"Bu kılavuz, reklam kampanyalarınızı planlamak, uygulamak ve yönetmek için gerekli bilgileri içerir. Hedef kitlenize ulaşmak ve pazarlama hedeflerinize ulaşmak için stratejiler geliştirin.",div_texts,0.524,0.538749,2.81
reklam kampanyası oluşturmak veya yönetmek,"İnternet reklamcılığı konusunda uzmanlık gerektiren bütün yükü üzerinizden alarak, Google, Yandex, Facebook, YouTube, Instagram, LinkedIn gibi dijital mecralarda reklamlarınızı yapıyoruz.","Reklam kampanyalarınızı oluşturmak veya yönetmek için size yardımcı olabiliriz. Google, Yandex, Facebook ve diğer platformlarda etkili reklamlar hazırlıyoruz. Kampanya yönetimi süreçlerini de sizin için kolaylaştırıyoruz.",paragraphs,0.523,0.744559,42.36
reklam kampanyası oluşturmak veya yönetmek,Google Ads reklamlarını başlatmak için başvuru formunu doldurmanız yeterlidir.,Yeni bir reklam kampanyası oluşturmak veya mevcut olanları yönetmek için Google Ads ile başlayın. Forma kayıt olup kampanyalarınızı yapılandırın.,paragraphs,0.4682,0.61717,31.82
reklam kampanyası oluşturmak veya yönetmek,Web Tasarım,Rakiplerinizi analiz ederek etkili reklam kampanyaları oluşturun ve yönetin.,div_texts,0.465,0.641804,38.02
reklam kampanyası oluşturmak veya yönetmek,"Arama motoru ve sosyal medya reklamcılığı konusunda mühendislik altyapısına sahip ekibimizin geliştirdiği stratejiler doğrultusunda müşteri memnuniyetini ön planda tutarak çalışıyor, müşterilerimizle beraber başarı hikayelerimize her geçen gün yenilerini ekliyoruz.","Reklam kampanyalarınızı oluşturmanıza ve yönetmenize yardımcı olacak, arama motoru ve sosyal medya stratejilerimizi kullanarak başarılı sonuçlar elde edin. Müşteri başarı hikayelerimizle size de katkı sağlayalım.",paragraphs,0.4616,0.649247,40.65
reklam kampanyası oluşturmak veya yönetmek,Google Reklamları,"Google Reklamları ile etkili reklam kampanyaları oluşturun ve yönetin. Hedef kitlenize ulaşın, bütçenizi kontrol edin ve sonuçları takip edin.",div_texts,0.4614,0.579429,25.58
reklam kampanyası oluşturmak veya yönetmek,TikTok Reklamları,TikTok reklamlarıyla hedefli pazarlama stratejileri geliştirin ve yönetin.,div_texts,0.4576,0.66313,44.91
reklam verme yöntemleri öğrenmek,Reklam Vermek Olarak,Reklam verme yöntemlerini öğrenmek mi istiyorsunuz? Farklı kanallar ve stratejiler hakkında bilgi edinin.,div_texts,0.6363,0.818668,28.66
reklam verme yöntemleri öğrenmek,Reklamveren Kılavuzu,Reklam Verme Yöntemleri: Etkili reklam kampanyaları oluşturmak için farklı stratejileri keşfedin.,div_texts,0.5263,0.674678,28.19
reklam verme yöntemleri öğrenmek,Google Ads reklamları aracılığıyla reklamlarınız Google'da arama sonuçlarında yayınlanır.,"Google Ads ile arama ağı, dijital billboard'lar aracılığıyla hedefli reklamlar yayınlayabilirsiniz. Farklı reklam verme yöntemlerini keşfedin.",paragraphs,0.5171,0.687788,33.01
reklam verme yöntemleri öğrenmek,Google Ads ürününüz ya da hizmetiniz için hızlı ve basit bir reklam mecrasıdır.,"Google Ads, farklı reklam verme yöntemleri sunan bir platformdur. Hedef kitlenize ulaşmak için bütçenize uygun stratejileri keşfedebilirsiniz.",paragraphs,0.4904,0.600758,22.5
reklam verme yöntemleri öğrenmek,Google Reklamları,Google Reklamları ile etkili reklam verme yöntemlerini keşfedin. Farklı stratejiler ve platformlar hakkında bilgi edinin.,div_texts,0.4603,0.651518,41.54
reklam verme yöntemleri öğrenmek,Ads Reklam Politikası,Reklam verme yöntemleri nelerdir? Farklı reklam yöntemlerini ve stratejilerini öğrenin.,div_texts,0.4152,0.814786,96.24
reklam verme yöntemleri öğrenmek,Google Ads reklamlarını başlatmak için başvuru formunu doldurmanız yeterlidir.,"Farklı reklam verme yöntemlerini (Google Ads, sosyal medya vb.) öğrenmek için doğru stratejiyi belirlemek önemlidir.",paragraphs,0.4043,0.703996,74.13
reklam verme yöntemleri öğrenmek,EĞİTİM,Reklam Verme Yöntemleri: En Etkili Stratejiler ve Uygulamalar,div_texts,0.3975,0.711116,78.9
reklam verme yöntemleri öğrenmek,"İnternet reklamcılığı konusunda uzmanlık gerektiren bütün yükü üzerinizden alarak, Google, Yandex, Facebook, YouTube, Instagram, LinkedIn gibi dijital mecralarda reklamlarınızı yapıyoruz.","Farklı reklam verme yöntemleri hakkında bilgi edinmek mi istiyorsunuz? Google Ads, Facebook Ads, LinkedIn Ads gibi platformlarda etkili reklam kampanyaları oluşturmanıza yardımcı olabiliriz.",paragraphs,0.3873,0.691163,78.46
reklam verme yöntemleri öğrenmek,X Reklamları,Farklı reklam verme yöntemlerini ve stratejilerini öğrenerek pazarlama hedeflerinize ulaşabilirsiniz.,div_texts,0.3766,0.750014,99.15
reklam önerileri görmek istiyorum,Reklam Vermek Olarak,Reklam önerileri ve pazarlama çözümleri için buradasınız. İhtiyaçlarınıza özel reklam tekliflerini keşfedin.,div_texts,0.5595,0.690854,23.48
reklam önerileri görmek istiyorum,Google Reklamları,Google'da reklamlar için etkili öneriler keşfedin ve kampanyalarınızı optimize edin.,div_texts,0.5493,0.62658,14.07
reklam önerileri görmek istiyorum,Reklamveren Kılavuzu,Reklam önerilerini keşfetmek için doğru yerdesiniz. Burada size özel reklam çözümleri bulabilirsiniz.,div_texts,0.5116,0.71696,40.14
reklam önerileri görmek istiyorum,Google Ads reklamları aracılığıyla reklamlarınız Google'da arama sonuçlarında yayınlanır.,"Google Ads, Google arama sonuçlarında hedef kitlenize ulaşmanızı sağlayan reklam önerileri sunar.",paragraphs,0.4864,0.5861,20.5
reklam önerileri görmek istiyorum,Google Ads ürününüz ya da hizmetiniz için hızlı ve basit bir reklam mecrasıdır.,Google Ads ile hedef kitlenize ulaşmak için reklam önerilerini keşfedin.,paragraphs,0.4765,0.660197,38.55
reklam önerileri görmek istiyorum,En son haberler ve güncellemeler için size bildirimler göstermek istiyoruz.,İlginizi çekebilecek reklam önerilerini görmek isterseniz buradasınız!,div_texts,0.4372,0.786091,79.8
reklam önerileri görmek istiyorum,Yandex Reklamları,Yandex Reklamları ile reklam önerileri keşfedin. Hedef kitlenize uygun reklamlar oluşturun.,div_texts,0.4363,0.65309,49.69
reklam önerileri görmek istiyorum,X Reklamları,İlginizi çekebilecek reklam önerilerini keşfedin.,div_texts,0.4311,0.780935,81.15
reklam önerileri görmek istiyorum,Web Tasarım,Web tasarım reklam önerileri için harika fırsatlara göz atın.,div_texts,0.421,0.705945,67.68
reklam önerileri görmek istiyorum,Google Ads reklamlarını başlatmak için başvuru formunu doldurmanız yeterlidir.,Reklamlarınız için uygun Google Ads önerilerini keşfedin. Başvuru formunu tamamlayarak size özel önerilere ulaşabilirsiniz.,paragraphs,0.4132,0.655179,58.56
web sitesi reklamlarını bulma,Google Ads reklamları aracılığıyla reklamlarınız Google'da arama sonuçlarında yayınlanır.,Google Ads ile web sitenizi Google arama sonuçlarında hedefli reklamlarla yayınlayabilirsiniz.,paragraphs,0.7462,0.76684,2.77
web sitesi reklamlarını bulma,Google Reklamları,Web sitesi reklamları için Google Reklamlarını keşfedin.,div_texts,0.7322,0.844,15.27
web sitesi reklamlarını bulma,Google Ads ürününüz ya da hizmetiniz için hızlı ve basit bir reklam mecrasıdır.,"Google Ads, web sitenizi tanıtmak ve daha fazla müşteriye ulaşmak için hızlı ve etkili bir reklam platformudur.",paragraphs,0.6275,0.684008,9.01
web sitesi reklamlarını bulma,Reklamveren Kılavuzu,"Web sitesi reklamları için doğru platformu bulmak mı istiyorsunuz? Bu rehber, web reklamcılığı seçeneklerinizi keşfetmenize yardımcı olacaktır.",div_texts,0.6109,0.740689,21.25
web sitesi reklamlarını bulma,Reklam Vermek Olarak,Web sitenize reklam vermek ve gelir elde etmek için çeşitli seçenekler keşfedin.,div_texts,0.5536,0.677551,22.39
web sitesi reklamlarını bulma,"Minimum bir aylık ücret ödemenizi gerektirmeyen Google Ads reklamlarında, kullanıcılar reklamınıza tıkladığında ödeme yaparsınız.",Google Ads ile web sitenizi tanıtmak için tıklama başına ödeme yapabileceğiniz reklamları keşfedin. Aylık abonelik ücreti ödemenize gerek yoktur.,paragraphs,0.5072,0.593712,17.06
web sitesi reklamlarını bulma,Yandex Reklamları,Web sitenizi tanıtmak için Yandex Reklamları ile hedefli reklamlar yayınlayın.,div_texts,0.5012,0.686861,37.04
web sitesi reklamlarını bulma,Web Tasarım,Web siteniz için uygun reklamları bulmak mı istiyorsunuz? Reklamverenlere ve reklam platformlarına dair bilgiler bulabilirsiniz.,div_texts,0.4903,0.819295,67.1
web sitesi reklamlarını bulma,Google Ads reklamlarını başlatmak için başvuru formunu doldurmanız yeterlidir.,Web sitenizi tanıtmak için Google Ads ile reklamlar oluşturabilirsiniz. Başvuru formunu tamamlayarak başlayın.,paragraphs,0.4856,0.608671,25.34
web sitesi reklamlarını bulma,Facebook Reklamları,Web siteniz için en iyi reklam çözümlerini Facebook reklamları ile keşfedin.,div_texts,0.4798,0.52328,9.06
